{
    "totalHits":500,
    "hits":[
        {
            "previewHeight":84,
            "likes":62,
            "favorites":62,
            "tags":"yellow, natural, flower",
            "webformatHeight":360,
            "views":17096,
            "webformatWidth":640,
            "previewWidth":150,
            "comments":11,
            "downloads":9203,
            "pageURL":"https://pixabay.com/en/yellow-natural-flower-715540/",
            "previewURL":"https://pixabay.com/static/uploads/photo/2015/04/10/00/41/yellow-715540_150.jpg",
            "webformatURL":"https://pixabay.com/get/ee34b40a2cf41c2ad65a5854e44f4f92e77febc818b5174094f4c479a2e8_640.jpg",
            "imageWidth":3020,
            "user_id":916237,
            "user":"Wow_Pho",
            "type":"photo",
            "id":715540,
            "userImageURL":"https://pixabay.com/static/uploads/user/2015/04/07/14-10-15-590_250x250.jpg",
            "imageHeight":1703
        },
        {
            "previewHeight":83,
            "likes":63,
            "favorites":41,
            "tags":"rose, flower, yellow",
            "webformatHeight":355,
            "views":16322,
            "webformatWidth":640,
            "previewWidth":150,
            "comments":15,
            "downloads":3599,
            "pageURL":"https://pixabay.com/en/rose-flower-yellow-yellow-rose-113735/",
            "previewURL":"https://pixabay.com/static/uploads/photo/2013/05/26/12/14/rose-113735_150.jpg",
            "webformatURL":"https://pixabay.com/get/e834b2082bf11c2ad65a5854e44f4f92e77febc818b5174094f4c479a2e8_640.jpg",
            "imageWidth":2410,
            "user_id":817,
            "user":"blizniak",
            "type":"photo",
            "id":113735,
            "userImageURL":"https://pixabay.com/static/uploads/user/2013/06/28/17-07-05-714_250x250.jpg",
            "imageHeight":1337
        },
        {
            "previewHeight":99,
            "likes":64,
            "favorites":71,
            "tags":"yellow, flower, wood",
            "webformatHeight":426,
            "views":14249,
            "webformatWidth":640,
            "previewWidth":150,
            "comments":17,
            "downloads":6865,
            "pageURL":"https://pixabay.com/en/yellow-flower-wood-370256/",
            "previewURL":"https://pixabay.com/static/uploads/photo/2014/06/17/07/21/yellow-370256_150.jpg",
            "webformatURL":"https://pixabay.com/get/ea32b10d2df21c2ad65a5854e44f4f92e77febc818b5174094f4c479a2e8_640.jpg",
            "imageWidth":5184,
            "user_id":299467,
            "user":"elektrosmart",
            "type":"photo",
            "id":370256,
            "userImageURL":"https://pixabay.com/static/uploads/user/2014/06/18/11-30-30-400_250x250.jpg",
            "imageHeight":3456
        },
        {
            "previewHeight":99,
            "likes":8,
            "favorites":8,
            "tags":"girl, flowers, yellow",
            "webformatHeight":426,
            "views":218,
            "webformatWidth":640,
            "previewWidth":150,
            "comments":0,
            "downloads":113,
            "pageURL":"https://pixabay.com/en/girl-flowers-yellow-dreaming-sleep-1319118/",
            "previewURL":"https://pixabay.com/static/uploads/photo/2016/04/09/23/11/girl-1319118_150.jpg",
            "webformatURL":"https://pixabay.com/get/e836b00629f5093ed95c4518b74e459fe773eadc04b0154794f1c57ca7e8b0_640.jpg",
            "imageWidth":3419,
            "user_id":485024,
            "user":"AdinaVoicu",
            "type":"photo",
            "id":1319118,
            "userImageURL":"https://pixabay.com/static/uploads/user/2015/10/28/21-33-27-686_250x250.jpg",
            "imageHeight":2276
        },
        {
            "previewHeight":99,
            "likes":57,
            "favorites":40,
            "tags":"flower, yellow, spehel",
            "webformatHeight":423,
            "views":16186,
            "webformatWidth":640,
            "previewWidth":150,
            "comments":14,
            "downloads":9248,
            "pageURL":"https://pixabay.com/en/flower-yellow-spehel-144486/",
            "previewURL":"https://pixabay.com/static/uploads/photo/2013/07/10/18/13/flower-144486_150.jpg",
            "webformatURL":"https://pixabay.com/get/e831b50b20f21c2ad65a5854e44f4f92e77febc818b5174094f4c479a2e8_640.jpg",
            "imageWidth":4928,
            "user_id":38776,
            "user":"corinaselberg",
            "type":"photo",
            "id":144486,
            "userImageURL":"https://pixabay.com/static/uploads/user/2013/06/09/18-45-26-703_250x250.jpg",
            "imageHeight":3264
        },
        {
            "previewHeight":100,
            "likes":10,
            "favorites":6,
            "tags":"marguerite, flower, plant",
            "webformatHeight":428,
            "views":289,
            "webformatWidth":640,
            "previewWidth":150,
            "comments":5,
            "downloads":118,
            "pageURL":"https://pixabay.com/en/marguerite-flower-plant-garden-1331797/",
            "previewURL":"https://pixabay.com/static/uploads/photo/2016/04/15/20/04/marguerite-1331797_150.jpg",
            "webformatURL":"https://pixabay.com/get/e836b20e2ffd063ed95c4518b74e459fe773eadc04b0154794f1c57ca7e8b0_640.jpg",
            "imageWidth":5228,
            "user_id":2368449,
            "user":"Lucky2013",
            "type":"photo",
            "id":1331797,
            "userImageURL":"https://pixabay.com/static/uploads/user/2016/04/16/15-35-59-487_250x250.jpg",
            "imageHeight":3500
        },
        {
            "previewHeight":150,
            "likes":56,
            "favorites":45,
            "tags":"tulip, yellow, spring",
            "webformatHeight":640,
            "views":10986,
            "webformatWidth":506,
            "previewWidth":119,
            "comments":9,
            "downloads":2965,
            "pageURL":"https://pixabay.com/en/tulip-yellow-spring-flowers-271352/",
            "previewURL":"https://pixabay.com/static/uploads/photo/2014/02/21/15/39/tulip-271352_150.jpg",
            "webformatURL":"https://pixabay.com/get/eb32b00c2df61c2ad65a5854e44f4f92e77febc818b5174094f4c479a2e8_640.jpg",
            "imageWidth":1582,
            "user_id":21981,
            "user":"steinchen",
            "type":"photo",
            "id":271352,
            "userImageURL":"https://pixabay.com/static/uploads/user/2014/01/01/13-51-29-150_250x250.jpg",
            "imageHeight":2000
        },
        {
            "previewHeight":99,
            "likes":46,
            "favorites":40,
            "tags":"flower, yellow, spring",
            "webformatHeight":425,
            "views":11479,
            "webformatWidth":640,
            "previewWidth":150,
            "comments":9,
            "downloads":3605,
            "pageURL":"https://pixabay.com/en/flower-yellow-spring-sun-108685/",
            "previewURL":"https://pixabay.com/static/uploads/photo/2013/05/03/13/14/flower-108685_150.jpg",
            "webformatURL":"https://pixabay.com/get/e835b90920f11c2ad65a5854e44f4f92e77febc818b5174094f4c479a2e8_640.jpg",
            "imageWidth":3812,
            "user_id":27062,
            "user":"GREGOR",
            "type":"photo",
            "id":108685,
            "userImageURL":"https://pixabay.com/static/uploads/user/2013/08/15/14-01-39-728_250x250.jpg",
            "imageHeight":2537
        },
        {
            "previewHeight":150,
            "likes":17,
            "favorites":10,
            "tags":"flower, tulip, yellow",
            "webformatHeight":640,
            "views":3561,
            "webformatWidth":425,
            "previewWidth":100,
            "comments":2,
            "downloads":864,
            "pageURL":"https://pixabay.com/en/flower-tulip-yellow-overblown-143487/",
            "previewURL":"https://pixabay.com/static/uploads/photo/2013/07/05/15/15/flower-143487_150.jpg",
            "webformatURL":"https://pixabay.com/get/e831b20b20f31c2ad65a5854e44f4f92e77febc818b5174094f4c479a2e8_640.jpg",
            "imageWidth":2848,
            "user_id":38776,
            "user":"corinaselberg",
            "type":"photo",
            "id":143487,
            "userImageURL":"https://pixabay.com/static/uploads/user/2013/06/09/18-45-26-703_250x250.jpg",
            "imageHeight":4288
        },
        {
            "previewHeight":99,
            "likes":72,
            "favorites":39,
            "tags":"yellow rose, flower, nature",
            "webformatHeight":425,
            "views":20017,
            "webformatWidth":640,
            "previewWidth":150,
            "comments":11,
            "downloads":4496,
            "pageURL":"https://pixabay.com/en/yellow-rose-flower-nature-196393/",
            "previewURL":"https://pixabay.com/static/uploads/photo/2013/10/16/16/59/yellow-rose-196393_150.jpg",
            "webformatURL":"https://pixabay.com/get/e83cb70c21f71c2ad65a5854e44f4f92e77febc818b5174094f4c479a2e8_640.jpg",
            "imageWidth":6016,
            "user_id":32636,
            "user":"ADGraphics",
            "type":"photo",
            "id":196393,
            "userImageURL":"https://pixabay.com/static/uploads/user/2013/05/26/07-31-11-275_250x250.jpg",
            "imageHeight":4000
        },
        {
            "previewHeight":106,
            "likes":38,
            "favorites":30,
            "tags":"tulip, spring, flowers",
            "webformatHeight":454,
            "views":7882,
            "webformatWidth":640,
            "previewWidth":150,
            "comments":6,
            "downloads":2290,
            "pageURL":"https://pixabay.com/en/tulip-spring-flowers-yellow-320774/",
            "previewURL":"https://pixabay.com/static/uploads/photo/2014/04/10/10/00/tulip-320774_150.jpg",
            "webformatURL":"https://pixabay.com/get/ea37b1082ff01c2ad65a5854e44f4f92e77febc818b5174094f4c479a2e8_640.jpg",
            "imageWidth":2000,
            "user_id":217857,
            "user":"Anelka",
            "type":"photo",
            "id":320774,
            "userImageURL":"https://pixabay.com/static/uploads/user/2014/04/10/14-20-41-498_250x250.jpg",
            "imageHeight":1419
        },
        {
            "previewHeight":150,
            "likes":32,
            "favorites":15,
            "tags":"poppy, spring, flowers",
            "webformatHeight":640,
            "views":5453,
            "webformatWidth":425,
            "previewWidth":100,
            "comments":4,
            "downloads":1388,
            "pageURL":"https://pixabay.com/en/poppy-spring-flowers-yellow-115436/",
            "previewURL":"https://pixabay.com/static/uploads/photo/2013/06/01/12/31/poppy-115436_150.jpg",
            "webformatURL":"https://pixabay.com/get/e834b40b2bf21c2ad65a5854e44f4f92e77febc818b5174094f4c479a2e8_640.jpg",
            "imageWidth":2848,
            "user_id":37465,
            "user":"DeltaWorks",
            "type":"photo",
            "id":115436,
            "userImageURL":"https://pixabay.com/static/uploads/user/2013/05/31/16-10-34-727_250x250.png",
            "imageHeight":4288
        },
        {
            "previewHeight":84,
            "likes":13,
            "favorites":13,
            "tags":"blossom, bloom, flower",
            "webformatHeight":360,
            "views":11333,
            "webformatWidth":640,
            "previewWidth":150,
            "comments":2,
            "downloads":6976,
            "pageURL":"https://pixabay.com/en/blossom-bloom-flower-yellow-close-195893/",
            "previewURL":"https://pixabay.com/static/uploads/photo/2013/10/15/09/12/flower-195893_150.jpg",
            "webformatURL":"https://pixabay.com/get/e83cb40721f71c2ad65a5854e44f4f92e77febc818b5174094f4c479a2e8_640.jpg",
            "imageWidth":4000,
            "user_id":48777,
            "user":"Josch13",
            "type":"photo",
            "id":195893,
            "userImageURL":"https://pixabay.com/static/uploads/user/2013/11/05/02-10-23-764_250x250.jpg",
            "imageHeight":2250
        },
        {
            "previewHeight":93,
            "likes":52,
            "favorites":29,
            "tags":"blossom, bloom, flower",
            "webformatHeight":400,
            "views":16849,
            "webformatWidth":640,
            "previewWidth":150,
            "comments":3,
            "downloads":7524,
            "pageURL":"https://pixabay.com/en/blossom-bloom-flower-yellow-close-195897/",
            "previewURL":"https://pixabay.com/static/uploads/photo/2013/10/15/09/20/flower-195897_150.jpg",
            "webformatURL":"https://pixabay.com/get/e83cb40721f31c2ad65a5854e44f4f92e77febc818b5174094f4c479a2e8_640.jpg",
            "imageWidth":4000,
            "user_id":48777,
            "user":"Josch13",
            "type":"photo",
            "id":195897,
            "userImageURL":"https://pixabay.com/static/uploads/user/2013/11/05/02-10-23-764_250x250.jpg",
            "imageHeight":2501
        },
        {
            "previewHeight":84,
            "likes":7,
            "favorites":6,
            "tags":"blossom, bloom, flower",
            "webformatHeight":360,
            "views":2430,
            "webformatWidth":640,
            "previewWidth":150,
            "comments":2,
            "downloads":962,
            "pageURL":"https://pixabay.com/en/blossom-bloom-flower-yellow-close-196722/",
            "previewURL":"https://pixabay.com/static/uploads/photo/2013/10/17/04/43/flower-196722_150.jpg",
            "webformatURL":"https://pixabay.com/get/e83cb7082af61c2ad65a5854e44f4f92e77febc818b5174094f4c479a2e8_640.jpg",
            "imageWidth":4000,
            "user_id":48777,
            "user":"Josch13",
            "type":"photo",
            "id":196722,
            "userImageURL":"https://pixabay.com/static/uploads/user/2013/11/05/02-10-23-764_250x250.jpg",
            "imageHeight":2250
        },
        {
            "previewHeight":99,
            "likes":9,
            "favorites":6,
            "tags":"dandelion, buttercup, nature",
            "webformatHeight":426,
            "views":3029,
            "webformatWidth":640,
            "previewWidth":150,
            "comments":4,
            "downloads":846,
            "pageURL":"https://pixabay.com/en/dandelion-buttercup-nature-summer-321843/",
            "previewURL":"https://pixabay.com/static/uploads/photo/2014/04/11/17/34/dandelion-321843_150.jpg",
            "webformatURL":"https://pixabay.com/get/ea37b0072cf71c2ad65a5854e44f4f92e77febc818b5174094f4c479a2e8_640.jpg",
            "imageWidth":4272,
            "user_id":86169,
            "user":"bykst",
            "type":"photo",
            "id":321843,
            "userImageURL":"https://pixabay.com/static/uploads/user/2015/05/15/15-36-57-489_250x250.png",
            "imageHeight":2848
        },
        {
            "previewHeight":99,
            "likes":2,
            "favorites":3,
            "tags":"crocus, flower, blossom",
            "webformatHeight":426,
            "views":51,
            "webformatWidth":640,
            "previewWidth":150,
            "comments":2,
            "downloads":10,
            "pageURL":"https://pixabay.com/en/crocus-flower-blossom-bloom-1309711/",
            "previewURL":"https://pixabay.com/static/uploads/photo/2016/04/05/17/15/crocus-1309711_150.jpg",
            "webformatURL":"https://pixabay.com/get/e836b1062ff5003ed95c4518b74e459fe773eadc04b0154794f1c57ca7e8b0_640.jpg",
            "imageWidth":6016,
            "user_id":526143,
            "user":"Pezibear",
            "type":"photo",
            "id":1309711,
            "userImageURL":"https://pixabay.com/static/uploads/user/2016/02/11/19-21-18-242_250x250.jpg",
            "imageHeight":4016
        },
        {
            "previewHeight":99,
            "likes":13,
            "favorites":11,
            "tags":"wasp, yellow, insect",
            "webformatHeight":426,
            "views":11189,
            "webformatWidth":640,
            "previewWidth":150,
            "comments":2,
            "downloads":9844,
            "pageURL":"https://pixabay.com/en/wasp-yellow-insect-macro-nature-1122469/",
            "previewURL":"https://pixabay.com/static/uploads/photo/2016/01/05/13/12/bee-1122469_150.jpg",
            "webformatURL":"https://pixabay.com/get/e834b30d2cf2083ed95c4518b74e459fe773eadc04b0154794f1c57ca7e8b0_640.jpg",
            "imageWidth":5184,
            "user_id":1759589,
            "user":"ROverhate",
            "type":"photo",
            "id":1122469,
            "userImageURL":"https://pixabay.com/static/uploads/user/2016/01/10/09-32-50-295_250x250.jpg",
            "imageHeight":3456
        },
        {
            "previewHeight":99,
            "likes":11,
            "favorites":2,
            "tags":"flower, blossom, bloom",
            "webformatHeight":426,
            "views":1992,
            "webformatWidth":640,
            "previewWidth":150,
            "comments":0,
            "downloads":461,
            "pageURL":"https://pixabay.com/en/flower-blossom-bloom-yellow-close-302869/",
            "previewURL":"https://pixabay.com/static/uploads/photo/2014/04/02/00/30/flower-302869_150.jpg",
            "webformatURL":"https://pixabay.com/get/ea35b3072efd1c2ad65a5854e44f4f92e77febc818b5174094f4c479a2e8_640.jpg",
            "imageWidth":6000,
            "user_id":48777,
            "user":"Josch13",
            "type":"photo",
            "id":302869,
            "userImageURL":"https://pixabay.com/static/uploads/user/2013/11/05/02-10-23-764_250x250.jpg",
            "imageHeight":4000
        },
        {
            "previewHeight":99,
            "likes":12,
            "favorites":14,
            "tags":"girl, flowers, yellow",
            "webformatHeight":426,
            "views":559,
            "webformatWidth":640,
            "previewWidth":150,
            "comments":2,
            "downloads":292,
            "pageURL":"https://pixabay.com/en/girl-flowers-yellow-beauty-nature-1319114/",
            "previewURL":"https://pixabay.com/static/uploads/photo/2016/04/09/23/10/girl-1319114_150.jpg",
            "webformatURL":"https://pixabay.com/get/e836b00629f5053ed95c4518b74e459fe773eadc04b0154794f1c57ca7e8b0_640.jpg",
            "imageWidth":4272,
            "user_id":485024,
            "user":"AdinaVoicu",
            "type":"photo",
            "id":1319114,
            "userImageURL":"https://pixabay.com/static/uploads/user/2015/10/28/21-33-27-686_250x250.jpg",
            "imageHeight":2848
        }
    ],
    "total":9081
}